"file name",url
2x19.mkv,https://filemoon.to/e/7qvppa1qbd4n
"04x09 - Especial de Navidad.mp4",https://filemoon.to/e/p19mh0mns9wf
"03x23 - Barco Basurero.mp4",https://filemoon.to/e/dt10nowwzbsp
"04x01 y 2 - Salida 9B.mp4",https://filemoon.to/e/uuwyajq4yzpk
"03x22 - Reemplazados.mp4",https://filemoon.to/e/cx5hj0f9y7co
"03x19 - Amos de los Videojuegos.mp4",https://filemoon.to/e/70qhhgoy4co0
"03x33-El Diario.mp4",https://filemoon.to/e/0gjubtqfkuw9
"04x14 - Ace Balthazar Vive.mp4",https://filemoon.to/e/ve8kbqs26t5f
2x18.mkv,https://filemoon.to/e/84c6f4p49012
"03x26-Carro de Golf Extremo.mp4",https://filemoon.to/e/vo5mx2giyfum
"03x21 - La Mejor Hamburguesa del Mundo.mp4",https://filemoon.to/e/x2mi5d9h5wne
"03x30-El Salon Trailero de la Fama.mp4",https://filemoon.to/e/bosuvh672e23
"03x20 - El Gran Ganador.mp4",https://filemoon.to/e/kba1u1y0l0n0
video_2025-02-11_10-03-49.mp4,https://filemoon.to/e/4uyqtde6ak9r
"03x39-Un Mal Beso.mp4",https://filemoon.to/e/li4tjj3w23jv
"03x24-Puños Justicieros.mp4",https://filemoon.to/e/la4mgkrmvdpx
"03x31-Fuera de Servicio.mp4",https://filemoon.to/e/nasdq26kg0j7
"04x05 - Batería De 150 Piezas.mp4",https://filemoon.to/e/3to6sfyv4oov
03x38-Azucarados.mp4,https://filemoon.to/e/agsvvcagkutu
"03x35-Sin Bromas.mp4",https://filemoon.to/e/ui6wp54cswpo
"03x09 - A Rapear.mp4",https://filemoon.to/e/p438jdhf2gyw
"03x11 - El Encapuchado.mp4",https://filemoon.to/e/bsvct40keexw
"03x37-Dados de Peluche.mp4",https://filemoon.to/e/xu958drtoql4
"03x27-Muerte a las Ocho.mp4",https://filemoon.to/e/7t5dq3119uly
2x25.mkv,https://filemoon.to/e/pnxyro7ek4yw
"03x14 - Piensa Positivo.mp4",https://filemoon.to/e/u33pfsik1y1y
"03x13 - La Galleta de la Suerte.mp4",https://filemoon.to/e/06zxfxeu5w1a
"03x06 - Juego Celestial.mp4",https://filemoon.to/e/97mv0ox95txq
"03x18 - Modelo de Barrigas.mp4",https://filemoon.to/e/6lamo2nr2vhi
"03x05 - Acampar puede ser Genial.mp4",https://filemoon.to/e/46xr44o100ym
"03x04 - Cuentos de Terror del Parque.mp4",https://filemoon.to/e/qc657qdanxsc
"03x12 - Un Picante Fin de Semana.mp4",https://filemoon.to/e/x3r6h1sawcpp
"03x17 - Extrahuevordinario.mp4",https://filemoon.to/e/xy2pgsej251r
2x28.mkv,https://filemoon.to/e/c4oxw1ppay15
2x9.mkv,https://filemoon.to/e/olgru4una7vh
2x27.mkv,https://filemoon.to/e/mzzqlim5yg1c
2x26.mkv,https://filemoon.to/e/8nwb3tp0vft6
2x10.mkv,https://filemoon.to/e/tcax2eeqnbf5
2x7.mkv,https://filemoon.to/e/rfuag366qlxf
"03x10 - Paseando.mp4",https://filemoon.to/e/lawdwly898in
2x21.mkv,https://filemoon.to/e/o0rzjoo9uet5
2x23.mkv,https://filemoon.to/e/4x2w2kwbnwhc
2x13.mkv,https://filemoon.to/e/d1ucwsv4ylcp
2x11.mkv,https://filemoon.to/e/cpb41fbo0br6
2x20.mkv,https://filemoon.to/e/0yucate477y2
"03x08 - Las Reglas de la Casa.mp4",https://filemoon.to/e/cwpkhmhi11kp
2x8.mkv,https://filemoon.to/e/91ugpt31pjo6
2x24.mkv,https://filemoon.to/e/ckg39xtpq32s
2x14.mkv,https://filemoon.to/e/3kzlfh4sv7n8
2x3.mkv,https://filemoon.to/e/3ddqujdy4r7u
"1x06 - Parrillada.mkv",https://filemoon.to/e/gcx34ahif9vz
"03x07 - Bicicletas Cool.mp4",https://filemoon.to/e/w61xx6sr2qgh
"1x09 - Bromistas.mkv",https://filemoon.to/e/5lu1096xyno7
2x22.mkv,https://filemoon.to/e/p9f7gbzcmkgc
"1x00 - El Piloto.mkv",https://filemoon.to/e/lgmbx6t3zb9z
"1x03 - Boletos Con Cafeína.mkv.mkv",https://filemoon.to/e/g9kzrc5xiay3
2x1.mkv,https://filemoon.to/e/sippe23nae9g
2x4.mkv,https://filemoon.to/e/2xwvs1h3cph1
2x5.mkv,https://filemoon.to/e/1mu4n78b66hj
"1x05 - Pastel Gratis.mkv",https://filemoon.to/e/2tntkkyzgxef
2x16.mkv,https://filemoon.to/e/c6nzhyojn6rq
"1x12 - Mordecai Y Los Rigbys.mkv",https://filemoon.to/e/00sd7fjpktkp
2x15.mkv,https://filemoon.to/e/6gmtrj5v95z0
"1x11 - El Cuerpo De Rigby.mkv",https://filemoon.to/e/7ybp59tlg2ex
"1x01 - El Poder.mkv",https://filemoon.to/e/b3lt4ewdsug7
2x17.mkv,https://filemoon.to/e/qubyibrvl6gr
2x12.mkv,https://filemoon.to/e/6ltc831ci8lu
"1x07 - Emparedado De Queso A La Parrilla.mkv",https://filemoon.to/e/mgzraeaqh4rx
"1x10 - Don.mkv",https://filemoon.to/e/vll7frdzsnjo
2x6.mkv,https://filemoon.to/e/ysgs3ihwqr13
"1x08 - Los Unicornios Deben Irse.mkv",https://filemoon.to/e/1y80jhwdtk34
"1x04 - Golpes Mortales.mkv",https://filemoon.to/e/lbtjo6ij61w8
"1x02 - Solo Acomoden Las Sillas.mkv",https://filemoon.to/e/sx5f063kmf6g
2x2.mkv,https://filemoon.to/e/tl0qo5e4kizm
"Regular Show La película.mp4",https://filemoon.to/e/2plw1uxeymuk
"_5 - Primavera (otra vez) - Estaciones Rana.ts",https://filemoon.to/e/c963qh6rj6kl
"_2 - Verano - Estaciones Rana.ts",https://filemoon.to/e/mqo3ffh2kkbg
"_2 - ¿Viste el Desastre de los Panqués. - Graybles de Todo Tipo.ts",https://filemoon.to/e/iayzo43kn7nr
"_2 - ¿Viste el Desastre de los Panqués. - Graybles de Todo Tipo.ts",https://filemoon.to/e/0mz5ueuh0ks4
"_2 - Verano - Estaciones Rana.ts",https://filemoon.to/e/wf6olf8u5uhe
"10x9 - Blenanas - Hora de Aventura Online.ts",https://filemoon.to/e/btr73i3llgfl
"10x2 - BMO Siempre Cerrando - Hora de Aventura Online.ts",https://filemoon.to/e/4c3cdfvdg66o
"10x3 - El Hijo del Oso Rapero - Hora de Aventura Online.ts",https://filemoon.to/e/sghyt0dziegn
"8x10 - El Hoyo Musical - Hora de Aventura Online.ts",https://filemoon.to/e/xr63g53lgv9l
"5x28 - Ser Más - Hora de Aventura Online.ts",https://filemoon.to/e/m7nma006e84l
"5x24 - Otras Cinco Pequeñas Fábulas Más - Hora de Aventura Online.ts",https://filemoon.to/e/6dhxwwyf0wg2
"5x45 - La Espada de Pasto - Hora de Aventura Online.ts",https://filemoon.to/e/a6jad260dldn
"Ver Romper el círculo (2024) Online Latino HD - Pelisplus.ts",https://filemoon.to/e/tofs5ikyfkje
"10x4 - Bonnibel Dulce Goma - Hora de Aventura Online.ts",https://filemoon.to/e/3opyx8v6kwuc
"10x6 - Anillo de Fuego - Hora de Aventura Online.ts",https://filemoon.to/e/hst5hjz4y82a
"10x7 - Marcy y Hunson - Hora de Aventura Online.ts",https://filemoon.to/e/jwefsn7lqous
"10x12 - Gumbaldia - Hora de Aventura Online.ts",https://filemoon.to/e/axhwutr8mxjn
"10x14 - ¡Ven Conmigo! - Hora de Aventura Online.ts",https://filemoon.to/e/08xpk2thfokq
"10x11 - El Templo de Marte - Hora de Aventura Online.ts",https://filemoon.to/e/rnyqubtrkbph
"10x10 - Jake el Niño Estrella - Hora de Aventura Online.ts",https://filemoon.to/e/lk9yv1j4q1t8
"10x8 - La Primera Investigación - Hora de Aventura Online.ts",https://filemoon.to/e/p8mzxetahrch
"10x13 - Diamantes y Limones - Hora de Aventura Online.ts",https://filemoon.to/e/6kovzj9oo4k6
"10x5 - Diecisiete - Hora de Aventura Online.ts",https://filemoon.to/e/nopxs3cwuy32
"10x1 - La Cacería Salvaje - Hora de Aventura Online.ts",https://filemoon.to/e/hd1a3k5uzgmj
"9x9 - Ganchos de Cielo II - Hora de Aventura Online.ts",https://filemoon.to/e/o0uy2fix8k0s
"9x8 - Corazón de Héroe - Hora de Aventura Online.ts",https://filemoon.to/e/ezoqpb1c3n7m
"9x13 - Susurros - Hora de Aventura Online.ts",https://filemoon.to/e/k5eq4em8htvn
"9x12 - Fionna y Cake y Fionna - Hora de Aventura Online.ts",https://filemoon.to/e/hamov3zvo9g9
"9x14 - Doble Cara - Hora de Aventura Online.ts",https://filemoon.to/e/ynlqv9gkuadd
"8x15 - No Hacer Daño - Hora de Aventura Online.ts",https://filemoon.to/e/swh6d8754uyx
"10x11 - El Templo de Marte - Hora de Aventura Online.ts",https://filemoon.to/e/2w3c33rg57hy
"9x11 - Historias - Hora de Aventura Online.ts",https://filemoon.to/e/66pm1ogqy4r3
"8x21 - Whipple el Dragón Feliz - Hora de Aventura Online.ts",https://filemoon.to/e/f5c14pyw9dyl
"8x12 - Preinicio - Hora de Aventura Online.ts",https://filemoon.to/e/c9qtzjkin256
"9x10 - Abstracto - Hora de Aventura Online.ts",https://filemoon.to/e/7xn8fiblg1p1
"8x22 - La Isla Misteriosa - Hora de Aventura Online.ts",https://filemoon.to/e/y9drug91jeo8
"8x27 - La Nube de Luz - Hora de Aventura Online.ts",https://filemoon.to/e/hrz3zh72gnch
"9x7 - Guerrero Feliz - Hora de Aventura Online.ts",https://filemoon.to/e/8e3f0hmtqqnc
"9x6 - Saliva Central - Hora de Aventura Online.ts",https://filemoon.to/e/qt7trgv9grbg
"8x18 - Caballo y Balón - Hora de Aventura Online.ts",https://filemoon.to/e/mld84yqlt1bu
"8x13 - Reinicio - Hora de Aventura Online.ts",https://filemoon.to/e/kmjc88rm8bfo
"8x23 - Recursos Imaginarios - Hora de Aventura Online.ts",https://filemoon.to/e/0hj1nuahu6bn
"9x2 - Ganchos de Cielo - Hora de Aventura Online.ts",https://filemoon.to/e/zq0vvj6uj85e
"8x26 - Ayudantes - Hora de Aventura Online.ts",https://filemoon.to/e/ihbcl3r03js3
"8x17 - Gran Extrañeza - Hora de Aventura Online.ts",https://filemoon.to/e/0qgi8hhnsj7g
"8x20 - La Invitación - Hora de Aventura Online.ts",https://filemoon.to/e/3eb088ti55zi
"8x25 - Min y Marty - Hora de Aventura Online.ts",https://filemoon.to/e/edgviv5qs2t0
"9x1 - Orbe - Hora de Aventura Online.ts",https://filemoon.to/e/6o71tcuwcyay
"8x19 - Los Dulces Tienen Poder - Hora de Aventura Online.ts",https://filemoon.to/e/5vcgsipk0t45
"8x16 - Ruedas - Hora de Aventura Online.ts",https://filemoon.to/e/uhihqzvekpn9
"9x3 - Hecho a la Medida - Hora de Aventura Online.ts",https://filemoon.to/e/2fpv8qc4f3bl
"8x14 - Dos Espadas - Hora de Aventura Online.ts",https://filemoon.to/e/jc4kvnavcx7t
"9x4 - Luz Invernal - Hora de Aventura Online.ts",https://filemoon.to/e/2jw3h17hpv20
"8x24 - El Escondite - Hora de Aventura Online.ts",https://filemoon.to/e/lxtf4gytrehv
"8x11 - Guerra de Cartas de Padres e Hijas - Hora de Aventura Online.ts",https://filemoon.to/e/fldfbfk0ai49
"9x5 - Nublado - Hora de Aventura Online.ts",https://filemoon.to/e/cgzj1rpuu8ve
La_Varita_(Corto)___Hora_de_Aventura_Online.mp4,https://filemoon.to/e/d5x89mz4mhal
"7x16 - Lluvias de Verano - Hora de Aventura Online.ts",https://filemoon.to/e/hbbbq9v152s3
"8x8 - Elemental - Hora de Aventura Online.ts",https://filemoon.to/e/6p3h0ni2bxv6
"8x1 - Rompió su Corona - Hora de Aventura Online.ts",https://filemoon.to/e/xexaac24eb92
"8x4 - Arcoíris de la Dimensión de Cristal - Hora de Aventura Online.ts",https://filemoon.to/e/p6pyambl1sej
"7x25 - El Encanto de la Flauta - Hora de Aventura Online.ts",https://filemoon.to/e/20usleakipye
"7x22 - Pillos - Hora de Aventura Online.ts",https://filemoon.to/e/axgndcxj4uhs
"8x7 - Hombre Normal - Hora de Aventura Online.ts",https://filemoon.to/e/s9oiin5f0vys
"8x3 - Más Allá de la Gruta - Hora de Aventura Online.ts",https://filemoon.to/e/kg5iuair8jxb
"7x7 - Todo se Queda - Hora de Aventura Online.ts",https://filemoon.to/e/opkm8x914dil
"8x9 - Cinco Mesas Pequeñas - Hora de Aventura Online.ts",https://filemoon.to/e/z633jfp2p1aq
"7x26 - La Delgada Línea Amarilla - Hora de Aventura Online.ts",https://filemoon.to/e/3t6njx3o96s2
"6x39 - Sé Dulce - Hora de Aventura Online.ts",https://filemoon.to/e/a9ud1zw25kx6
"7x21 - El Rescate del Rey - Hora de Aventura Online.ts",https://filemoon.to/e/vw5u0y9tc4tx
"7x6 - Marceline la Reina Vampiro - Hora de Aventura Online.ts",https://filemoon.to/e/v4355mtjz7u7
"7x14 - Mientras Más Moe, Más Sabes I - Hora de Aventura Online.ts",https://filemoon.to/e/17mzw92dkdwc
"6x42 - La Gran Perdición - Hora de Aventura Online.ts",https://filemoon.to/e/bvhgxuwi9jkl
"8x6 - Canelita - Hora de Aventura Online.ts",https://filemoon.to/e/w46xe2qopeby
"7x15 - Mientras Más Moe, Más Sabes II - Hora de Aventura Online.ts",https://filemoon.to/e/lp14480f2dm6
"7x23 - El Cruce - Hora de Aventura Online.ts",https://filemoon.to/e/umlcde6tr3gy
"7x9 - Los Ojos de la Emperatriz - Hora de Aventura Online.ts",https://filemoon.to/e/g2bkmksqwc7m
"8x2 - No Veas - Hora de Aventura Online.ts",https://filemoon.to/e/4mndu804eg5j
"8x5 - Soy Una Espada - Hora de Aventura Online.ts",https://filemoon.to/e/poaziepz47gx
"7x18 - El Presidente Marsopa Está Perdido - Hora de Aventura Online_2.ts",https://filemoon.to/e/46mm1fhdblhf
"7x20 - Malas Vibras - Hora de Aventura Online.ts",https://filemoon.to/e/sd19zmjizahd
"7x3 - Soda de Crema de Cereza - Hora de Aventura Online.ts",https://filemoon.to/e/1co89dw24cvr
"7x24 - La Sala de Egresos - Hora de Aventura Online.ts",https://filemoon.to/e/9l8ojuxdeeu4
"6x36 - Pitidos - Hora de Aventura Online.ts",https://filemoon.to/e/ptqc5744o7oh
"7x10 - ¿Puedo Pasar. - Hora de Aventura Online.ts",https://filemoon.to/e/ycdclkht0vve
"6x30 - Diario - Hora de Aventura Online.ts",https://filemoon.to/e/9bsfyaw2ld8t
"6x35 - 1000 Graybles - Hora de Aventura Online.ts",https://filemoon.to/e/y4cl8mwn8yzc
"6x32 - Amigos Por Siempre - Hora de Aventura Online.ts",https://filemoon.to/e/stlrlico7c3z
"7x12 - Jaque Mate - Hora de Aventura Online.ts",https://filemoon.to/e/qji87us2wrb0
"7x19 - Chicas con Ojos en Blanco - Hora de Aventura Online.ts",https://filemoon.to/e/y5go93qp1j8z
"7x17 - Cara de Ángel - Hora de Aventura Online.ts",https://filemoon.to/e/y40t196ra73k
"7x8 - Sobre los Vampiros - Hora de Aventura Online.ts",https://filemoon.to/e/h53283tfkssm
"6x31 - Nueces y Lluvia - Hora de Aventura Online.ts",https://filemoon.to/e/fzbenc3oauwh
"7x4 - Mamá Dijo - Hora de Aventura Online.ts",https://filemoon.to/e/qtgil34kx76u
"7x18 - El Presidente Marsopa Está Perdido - Hora de Aventura Online.ts",https://filemoon.to/e/3q4mpr4p81xa
"7x13 - La Nube Oscura - Hora de Aventura Online.ts",https://filemoon.to/e/pg1tbkd1ryhe
"6x38 - Olvidaste Tus Flotadores - Hora de Aventura Online.ts",https://filemoon.to/e/y3hnc3uhzpqm
"7x2 - Plagas - Hora de Aventura Online.ts",https://filemoon.to/e/d1ka4z8srcqu
"6x18 - En Todo Está Jake - Hora de Aventura Online.ts",https://filemoon.to/e/98o641qzku6d
"7x11 - Llévenla de Vuelta - Hora de Aventura Online.ts",https://filemoon.to/e/fuv19m314j7u
"6x41 - En el Escape - Hora de Aventura Online.ts",https://filemoon.to/e/id3cnvrzrhcs
"6x37 - La Broma del Parque Acuático - Hora de Aventura Online.ts",https://filemoon.to/e/vqq6icxoc3u9
"6x33 - Jermaine - Hora de Aventura Online.ts",https://filemoon.to/e/4ohnlxpble7y
"6x26 - Estrellas Doradas - Hora de Aventura Online.ts",https://filemoon.to/e/dzjcjjl2xqli
"6x25 - Plano Astral - Hora de Aventura Online.ts",https://filemoon.to/e/e5pgwm2na417
"6x22 - El Enfriamiento - Hora de Aventura Online.ts",https://filemoon.to/e/vo6geligkna9
"6x29 - Púrpura Oscuro - Hora de Aventura Online.ts",https://filemoon.to/e/5ptfzvqw4862
"7x5 - Fútbol - Hora de Aventura Online.ts",https://filemoon.to/e/cgpia3khadyu
"7x1 - Bonnie y Neddy - Hora de Aventura Online.ts",https://filemoon.to/e/yn4y4d8j3aic
"6x40 - Orgalorg - Hora de Aventura Online.ts",https://filemoon.to/e/y6imquis6qom
"6x27 - El Visitante - Hora de Aventura Online.ts",https://filemoon.to/e/kqp4dxya0wru
"6x12 - Ocarina - Hora de Aventura Online.ts",https://filemoon.to/e/5f4r0exfrp6j
"6x20 - Jake el Ladrillo - Hora de Aventura Online.ts",https://filemoon.to/e/vk9oq04ry27y
"6x34 - Papas y Helado - Hora de Aventura Online.ts",https://filemoon.to/e/2gzwnbvqzqd4
"6x28 - La Montaña - Hora de Aventura Online.ts",https://filemoon.to/e/2n112gjxoive
"6x17 - Mosca Fantasma - Hora de Aventura Online.ts",https://filemoon.to/e/l7ort18n8oae
"6x8 - Muebles y Carne - Hora de Aventura Online.ts",https://filemoon.to/e/dvxxkb0s7gyh
"6x24 - Evergreen - Hora de Aventura Online.ts",https://filemoon.to/e/zfp4f4gc2m0p
"6x19 - ¿Eres Tú. - Hora de Aventura Online.ts",https://filemoon.to/e/0kuoidybhs9q
"6x23 - Guerra de Pijamas - Hora de Aventura Online.ts",https://filemoon.to/e/odl9n3nqbqi1
"6x14 - El Día de las Princesas - Hora de Aventura Online.ts",https://filemoon.to/e/vmd5jjbfb9ze
"6x43 - El Cometa - Hora de Aventura Online.ts",https://filemoon.to/e/qdc3ryi9wqnu
"6x21 - Dentista - Hora de Aventura Online.ts",https://filemoon.to/e/xr15ibmxk3ot
"5x49 - Mal Momento - Hora de Aventura Online.ts",https://filemoon.to/e/lhy0l74x7t8y
"6x10 - Algo Grande - Hora de Aventura Online.ts",https://filemoon.to/e/bowmnu1o3oyr
"6x5 - Cara Triste - Hora de Aventura Online.ts",https://filemoon.to/e/02yveydo8zff
"5x52 - Los Últimos Deseos de Billy - Hora de Aventura Online.ts",https://filemoon.to/e/uc62qot24q7q
"6x7 - Cadena Alimenticia - Hora de Aventura Online.ts",https://filemoon.to/e/uyfyb4u9tz5o
"5x46 - Chiclebot - Hora de Aventura Online.ts",https://filemoon.to/e/22g85qppmg4x
"6x13 - Gracias por las Manzanas, Giuseppe - Hora de Aventura Online.ts",https://filemoon.to/e/hq1r3mge6i2s
"6x15 - Némesis - Hora de Aventura Online.ts",https://filemoon.to/e/mtgvfu8x8k1y
"6x11 - Hermano Pequeño - Hora de Aventura Online_2.ts",https://filemoon.to/e/34wdv1mboo3u
"5x43 - El Hombre Cerveza de Raíz - Hora de Aventura Online_2.ts",https://filemoon.to/e/p9xet5tavvkx
"5x42 - James - Hora de Aventura Online.ts",https://filemoon.to/e/agqk5mf2qsfl
"6x4 - La Torre - Hora de Aventura Online.ts",https://filemoon.to/e/jbtdzytsrmqm
"5x48 - Betty - Hora de Aventura Online.ts",https://filemoon.to/e/k7yhr0j1y449
"5x46 - Chiclebot - Hora de Aventura Online_2.ts",https://filemoon.to/e/t2orh9ssblgn
"6x3 - James II - Hora de Aventura Online.ts",https://filemoon.to/e/kpa6wl71wt3p
"5x50 - Limoncito I - Hora de Aventura Online.ts",https://filemoon.to/e/8ttce0nuo4uy
"5x51 - Limoncito II - Hora de Aventura Online.ts",https://filemoon.to/e/czdidj5cov5u
"6x9 - El Príncipe que Quería Todo - Hora de Aventura Online.ts",https://filemoon.to/e/lj68s8mfrhmw
"5x44 - Boda Manzana - Hora de Aventura Online.ts",https://filemoon.to/e/edu721iinafd
"6x6 - Brisa - Hora de Aventura Online.ts",https://filemoon.to/e/aobbibvxjjid
"6x2 - Escape en la Ciudadela - Hora de Aventura Online.ts",https://filemoon.to/e/tpqxt28san12
"5x47 - El Trono Rojo - Hora de Aventura Online.ts",https://filemoon.to/e/wyqxk695yme8
"6x1 - Despierta - Hora de Aventura Online.ts",https://filemoon.to/e/slcz9xsmdt72
"6x16 - Joshua y Margaret - Hora de Aventura Online.ts",https://filemoon.to/e/4jwy9mcvv5o4
"5x43 - El Hombre Cerveza de Raíz - Hora de Aventura Online.ts",https://filemoon.to/e/2jq010cepaiy
La_Varita_(Corto)___Hora_de_Aventura_Online.mp4,https://filemoon.to/e/ec2htofin6g0
"5x36 - El Tren Calabozo - Hora de Aventura Online.ts",https://filemoon.to/e/jbrgvwmjav90
"5x31 - Muy Mayor - Hora de Aventura Online.ts",https://filemoon.to/e/4cq5rq8ehse9
"5x37 - El Príncipe en la Caja - Hora de Aventura Online.ts",https://filemoon.to/e/9e39eg2d7r29
"5x20 - ¡Shh, Silencio! - Hora de Aventura Online.ts",https://filemoon.to/e/quuq4qo0xxic
"5x33 - Hora de Sándwich - Hora de Aventura Online.ts",https://filemoon.to/e/0qqtdjj4ujc1
"5x15 - Una Falla es una Falla - Hora de Aventura Online.ts",https://filemoon.to/e/103pevn93gdc
"5x34 - El Baúl - Hora de Aventura Online.ts",https://filemoon.to/e/rxjeocn4fdcd
"5x16 - Fantasía de Cojines - Hora de Aventura Online.ts",https://filemoon.to/e/q27um8hf20xd
"5x32 - Tierra y Agua - Hora de Aventura Online.ts",https://filemoon.to/e/5cuje3q9mvyc
"5x12 - La Cripta de los Huesos - Hora de Aventura Online.ts",https://filemoon.to/e/d5w8dgbiml90
"5x39 - Arreglamos un Camión - Hora de Aventura Online.ts",https://filemoon.to/e/wlrhccz4g0d4
"5x41 - El Pozo - Hora de Aventura Online.ts",https://filemoon.to/e/07f18u6c1tvm
"5x38 - Hambre Roja - Hora de Aventura Online.ts",https://filemoon.to/e/117b2o4wb9u3
"5x25 - El Caso de la Princesa Grumosa - Hora de Aventura Online.ts",https://filemoon.to/e/l0ktzn1a05xo
"5x23 - Un Último Trabajo - Hora de Aventura Online.ts",https://filemoon.to/e/7y1lj7x0daw8
"5x26 - Sólo Magos, Bobos No - Hora de Aventura Online.ts",https://filemoon.to/e/88333j7jvpve
"5x18 - El Banquete de la Princesa - Hora de Aventura Online.ts",https://filemoon.to/e/zc1i67y8p5wx
"5x14 - Simon y Marcy - Hora de Aventura Online.ts",https://filemoon.to/e/jm6h337ilokl
"4x24 - El Reinado de los Gunters - Hora de Aventura Online.ts",https://filemoon.to/e/m0o3gj1kdtab
"5x3 - Otras Cinco Fábulas Cortas - Hora de Aventura Online.ts",https://filemoon.to/e/bgr5eeli9h43
"5x30 - Fuego y Hielo - Hora de Aventura Online.ts",https://filemoon.to/e/8y5p4ehd742j
"5x22 - Terminó la Fiesta, Isla de Señorita - Hora de Aventura Online.ts",https://filemoon.to/e/3o7q3nrccycy
"5x9 - Todo es tu Culpa - Hora de Aventura Online.ts",https://filemoon.to/e/21c44qu3ngtd
"5x21 - El Pretendiente - Hora de Aventura Online.ts",https://filemoon.to/e/9nibn0a4e79l
"5x7 - Davey - Hora de Aventura Online_2.ts",https://filemoon.to/e/ou1fmo9hoy98
"4x23 - Duramente Fácil - Hora de Aventura Online.ts",https://filemoon.to/e/4450a9pjjxfj
"4x19 - Dama y Arcoíris - Hora de Aventura Online.ts",https://filemoon.to/e/o4vvbertxhba
"4x26 - El Lich - Hora de Aventura Online.ts",https://filemoon.to/e/grukbo7zp94u
"4x25 - Te Recuerdo - Hora de Aventura Online.ts",https://filemoon.to/e/2mep2us3g000
"5x10 - Pequeñín - Hora de Aventura Online.ts",https://filemoon.to/e/e3uved1mnmpm
"4x18 - Rey Gusano - Hora de Aventura Online.ts",https://filemoon.to/e/e4brlkqzab7i
"5x6 - Jake el Papá - Hora de Aventura Online.ts",https://filemoon.to/e/p2ic1hu8tygp
"4x15 - Hijos de Marte - Hora de Aventura Online.ts",https://filemoon.to/e/rqmjygeiw72w
"4x14 - La Guerra de las Tarjetas - Hora de Aventura Online.ts",https://filemoon.to/e/dx3utcnpdtnp
"5x40 - Cita de Juego - Hora de Aventura Online.ts",https://filemoon.to/e/uq8mwmu19p8n
"5x11 - Muchachito Malo - Hora de Aventura Online.ts",https://filemoon.to/e/zzs7jb9yvxld
"5x13 - El Gran Pájaro Humano - Hora de Aventura Online.ts",https://filemoon.to/e/09ynxwzb74rc
"5x19 - James Baxter el Caballo - Hora de Aventura Online.ts",https://filemoon.to/e/nz4lp3ja4i8v
"4x9 - La Princesa Monstruo - Hora de Aventura Online.ts",https://filemoon.to/e/1usfs0s8mv1e
"5x29 - La Bruja del Cielo - Hora de Aventura Online.ts",https://filemoon.to/e/sbff018mpfk6
"5x28 - Ser Más - Hora de Aventura Online.ts",https://filemoon.to/e/vq8qy754ozfe
"5x17 - BMO Extraviado - Hora de Aventura Online.ts",https://filemoon.to/e/8qceiws692qc
"5x27 - El Traje de Jake - Hora de Aventura Online.ts",https://filemoon.to/e/q9boln43qh9e
"4x13 - La Princesa Galleta - Hora de Aventura Online.ts",https://filemoon.to/e/kafm82huxpao
"4x8 - El Lobo Apapacho - Hora de Aventura Online.ts",https://filemoon.to/e/debir6o8k5fy
"4x5 - De Regreso a Nocheósfera - Hora de Aventura Online.ts",https://filemoon.to/e/eoc0oul6ipwi
"4x12 - ¡Te Tengo! - Hora de Aventura Online.ts",https://filemoon.to/e/0es4g4qf7ow5
"5x35 - Juegos de Amor - Hora de Aventura Online.ts",https://filemoon.to/e/i1u70uhlayiu
"4x16 - Fuego Inestable - Hora de Aventura Online.ts",https://filemoon.to/e/th4rcs7btvxw
"4x11 - Más Allá del Reino Terrenal - Hora de Aventura Online.ts",https://filemoon.to/e/fdbwzkng0xfe
"4x17 - BMO en Blanco y Negro - Hora de Aventura Online.ts",https://filemoon.to/e/z7ltqujaygxz
"4x6 - La Monstruito de Papi - Hora de Aventura Online.ts",https://filemoon.to/e/b8fia9sa14ye
"4x1 - Caliente al Tacto - Hora de Aventura Online.ts",https://filemoon.to/e/athkwu2qpej2
"3x26 - Incendio - Hora de Aventura Online.ts",https://filemoon.to/e/x9tc8zijc2x6
"5x18 - El Banquete de la Princesa - Hora de Aventura Online_2.ts",https://filemoon.to/e/vskngy5lbjsj
"5x2 - Jake el Perro - Hora de Aventura Online.ts",https://filemoon.to/e/crbij99zapnd
"5x1 - Finn el Humano - Hora de Aventura Online.ts",https://filemoon.to/e/yii78hj7anj7
"4x4 - Sueño de Amor - Hora de Aventura Online.ts",https://filemoon.to/e/w7khwp0igbnt
"4x22 - Punto de Ignición - Hora de Aventura Online.ts",https://filemoon.to/e/ksn94atttfm6
"4x21 - ¿Quién Podría Ganar. - Hora de Aventura Online.ts",https://filemoon.to/e/2zvtou6ju38a
"5x5 - Toda la Gente Pequeña - Hora de Aventura Online.ts",https://filemoon.to/e/s6bhgdtwnj3g
"4x10 - Goliad - Hora de Aventura Online.ts",https://filemoon.to/e/02k1yoc9dn5i
"3x23 - A Mi Manera - Hora de Aventura Online.ts",https://filemoon.to/e/fyg65xbnev9u
"3x25 - El Calabozo de Papá - Hora de Aventura Online.ts",https://filemoon.to/e/5y4y9jv0vha5
"5x8 - Calabozo Misterioso - Hora de Aventura Online.ts",https://filemoon.to/e/a2sj382p6j5z
"3x19 - Secretos Navideños I - Hora de Aventura Online.ts",https://filemoon.to/e/v9rofi2texjn
"5x4 - Arriba del Árbol - Hora de Aventura Online.ts",https://filemoon.to/e/85fs5h05rhzm
"4x20 - ¡Tú me Hiciste! - Hora de Aventura Online.ts",https://filemoon.to/e/sm5v5tc41avw
3x14_-_Bellotopia___Hora_de_Aventura_Online.mp4,https://filemoon.to/e/mjwxgznnc29r
"4x2 - Cinco Fábulas Cortas - Hora de Aventura Online.ts",https://filemoon.to/e/tm5b4g9iv7wt
3x4_-_El_Sicario___Hora_de_Aventura_Online.mp4,https://filemoon.to/e/wilgx6owkug8
3x9_-_Hora_de_Aventura_con_Fionna_y_Cake___Hora_de_Aventura_Online.mp4,https://filemoon.to/e/16ycam2r4zg0
3x7_-_Congelados___Hora_de_Aventura_Online.mp4,https://filemoon.to/e/zhhrwzsphovs
3x13_-_De_Mal_en_Peor___Hora_de_Aventura_Online.mp4,https://filemoon.to/e/ybb7sap2krbz
"3x20 - Secretos Navideños II - Hora de Aventura Online.ts",https://filemoon.to/e/6s8k8vdwp4kp
"4x7 - En Tus Zapatos - Hora de Aventura Online.ts",https://filemoon.to/e/9wg2tnxp8r8b
3x15_-_Nadie_Te_Escucha___Hora_de_Aventura_Online.mp4,https://filemoon.to/e/70jv6jd7r38t
"3x21 - El Clóset de Marceline - Hora de Aventura Online.ts",https://filemoon.to/e/ey78aarzdbcs
"3x22 - Pedro Papel - Hora de Aventura Online.ts",https://filemoon.to/e/yq0ng6inmssh
"3x24 - La Princesa Fantasma - Hora de Aventura Online.ts",https://filemoon.to/e/90lj9u81jlvw
3x6_-_El_Monstruo___Hora_de_Aventura_Online.mp4,https://filemoon.to/e/d3j1phm2086p
"4x3 - Locos en la Red - Hora de Aventura Online.ts",https://filemoon.to/e/exibcbe6093u
3x10_-_Lo_Que_Estaba_Perdido___Hora_de_Aventura_Online.mp4,https://filemoon.to/e/h7xerc2djcar
3x5_-_Demasiado_Joven___Hora_de_Aventura_Online.mp4,https://filemoon.to/e/oayn7byot92h
"3x18 - La Nueva Frontera - Hora de Aventura Online.ts",https://filemoon.to/e/voy7b67n5s5f
3x2_-_Morituri_Te_Saludamos___Hora_de_Aventura_Online.mp4,https://filemoon.to/e/f54uf2r7fvt7
3x17_-_Gracias___Hora_de_Aventura_Online.mp4,https://filemoon.to/e/pbkhsxmt7gdr
3x8_-_Batalla_Mágica___Hora_de_Aventura_Online.mp4,https://filemoon.to/e/k1lda15xb5b4
3x16_-_Jake_Contra_Mi-Miau___Hora_de_Aventura_Online.mp4,https://filemoon.to/e/yan0a921wn7z
3x11_-_Ladrón_de_Manzanas___Hora_de_Aventura_Online.mp4,https://filemoon.to/e/tt2w4tik5ntz
3x12_-_Escalofríos___Hora_de_Aventura_Online.mp4,https://filemoon.to/e/m0w53s3ovda9
3x3_-_El_Recuerdo_de_un_Recuerdo___Hora_de_Aventura_Online.mp4,https://filemoon.to/e/xcq9j7t2wamd
La_Varita_(Corto)___Hora_de_Aventura_Online.mp4,https://filemoon.to/e/n99hh9hr4bl7
3x1_-_La_Conquista_de_la_Lindura___Hora_de_Aventura_Online.mp4,https://filemoon.to/e/v9k1giibq1qa
2x13.mp4,https://filemoon.to/e/z31bbnqtshjs
2x25_-_Amor_Peligroso___Hora_de_Aventura_Online.mp4,https://filemoon.to/e/44b88vymgl9n
2x21_-_La_Panza_de_la_Bestia___Hora_de_Aventura_Online.mp4,https://filemoon.to/e/l97vvnqsbzrt
2x26_-_Rastro_de_Calor___Hora_de_Aventura_Online.mp4,https://filemoon.to/e/0rqxp8aht6y4
2x8.mp4,https://filemoon.to/e/umgwh8di52op
2x9.mp4,https://filemoon.to/e/lowa9i76dnzp
2x22_-_El_Límite___Hora_de_Aventura_Online.mp4,https://filemoon.to/e/95c7dkt5puya
2x19_-_El_Tren_Misterioso___Hora_de_Aventura_Online.mp4,https://filemoon.to/e/15kvzj8rxcqe
2x24_-_Amor_Loco___Hora_de_Aventura_Online.mp4,https://filemoon.to/e/f9r1s3ecu1wl
2x7.mp4,https://filemoon.to/e/ayil07qmjjvp
2x16.mp4,https://filemoon.to/e/9aridpb8bvdj
2x5.mp4,https://filemoon.to/e/19n9xok91p7q
2x23_-_Los_Cineastas___Hora_de_Aventura_Online.mp4,https://filemoon.to/e/h03kjm4bq6fl
2x15.mp4,https://filemoon.to/e/1k7936jy7lwk
2x4.mp4,https://filemoon.to/e/fysmwhhkpylu
2x3.mp4,https://filemoon.to/e/yhcqt7d6i91u
2x12.mp4,https://filemoon.to/e/tfx3lakcrh4s
2x11.mp4,https://filemoon.to/e/66rfllv4qzlw
2x14.mp4,https://filemoon.to/e/u6wz8jbj7566
2x17.mp4,https://filemoon.to/e/1ydz46qys737
2x1.mp4,https://filemoon.to/e/xy7hjrpgych0
2x18.mp4,https://filemoon.to/e/bg6rp7o48wij
2x6.mp4,https://filemoon.to/e/60da522j91kl
2x20_-_Ven_Conmigo___Hora_de_Aventura_Online.mp4,https://filemoon.to/e/rwive8uqj141
2x2.mp4,https://filemoon.to/e/yuyxchk6zykn
2x10.mp4,https://filemoon.to/e/l36f1jnd7qzh
1X19.mp4,https://filemoon.to/e/br9lqfbwi5p6
1X16.mp4,https://filemoon.to/e/j0jm7eyil0fc
1X25.mp4,https://filemoon.to/e/1jvwja1tzfz6
1X22.mp4,https://filemoon.to/e/ab27ttkpwq6y
1X17.mp4,https://filemoon.to/e/x0zr1gewep1g
1X23.mp4,https://filemoon.to/e/ki39yh0336ge
1X21.mp4,https://filemoon.to/e/3jq1xf40cqx2
1X24.mp4,https://filemoon.to/e/mr35iu6uxv09
1X20.mp4,https://filemoon.to/e/9533rustrp2t
1X15.mp4,https://filemoon.to/e/anmctk98am5b
1X18.mp4,https://filemoon.to/e/b8hd7qw96glz
1X26.mp4,https://filemoon.to/e/7uznp8lv6i1i
1X13.mp4,https://filemoon.to/e/wqtcklf9av41
1x5_-_¡El_Enchiridion!___Hora_de_Aventura_Online.mp4,https://filemoon.to/e/bnv7cmtn4xbw
1x2_-_Problemas_en_el_Espacio_Grumoso___Hora_de_Aventura_Online.mp4,https://filemoon.to/e/erjrukx4dps5
1x13_-_La_Ciudad_de_los_Ladrones___Hora_de_Aventura_Online.mp4,https://filemoon.to/e/kgqv3di03rqs
1x9_-_Mis_Dos_Personas_Favoritas___Hora_de_Aventura_Online.mp4,https://filemoon.to/e/5m9s4e7tw1hh
1x6_-_Danzarín___Hora_de_Aventura_Online.mp4,https://filemoon.to/e/rveyyxgv4bop
1x10_-_Recuerdos_en_la_Montaña___Hora_de_Aventura_Online.mp4,https://filemoon.to/e/te09kigdg2v5
1x12_-_¡Desalojo!___Hora_de_Aventura_Online.mp4,https://filemoon.to/e/mjz2jbb76a21
1x7_-_Ricardio_Corazón_de_León___Hora_de_Aventura_Online.mp4,https://filemoon.to/e/lcxnc7m78dht
1x8_-_Hombres_de_Negocios___Hora_de_Aventura_Online.mp4,https://filemoon.to/e/3xelsz13hwpx
1x3_-_Prisioneros_del_Amor___Hora_de_Aventura_Online.mp4,https://filemoon.to/e/99klwjqs6pqe
1x4_-_Tronquitos___Hora_de_Aventura_Online.mp4,https://filemoon.to/e/hm402drxpy70
1x11_-_Magos___Hora_de_Aventura_Online.mp4,https://filemoon.to/e/g5g0emlqw93n
1x5_-_¡El_Enchiridion!___Hora_de_Aventura_Online.mp4,https://filemoon.to/e/9d47bhescoaj
1x1_-_Pánico_en_la_Fiesta_del_Palacio___Hora_de_Aventura_Online.mp4,https://filemoon.to/e/f7aj49w9n4z0
Her.2013.bluray-latino-e-ingles-subt.mp4,https://filemoon.to/e/07iolj9czqfm
Hotel.mumbai.2018.1080p-dual-lat-cinecalidad.is.mp4,https://filemoon.to/e/qh3x2vj9cuw8
La.la.land.2016.1080p-dual-lat.mp4,https://filemoon.to/e/dyduxyx3lhjq
"The Machinist (2004) Latino 1080 @StreamingLatino.mp4",https://filemoon.to/e/vb6fke51c18f
"Mad Max_ Fury Road (2015) Latino1080 @StreamingLatino.mp4",https://filemoon.to/e/vw1uor0nusem
"Godzilla Minus One (2023) [Latino].mp4",https://filemoon.to/e/591mc28eqo9b
"El Niño y la Garza (2023) @Cinepremiun.mkv",https://filemoon.to/e/0pq4ad0ybr4z
"@cesser16 Apocalypse Now (1979) 720p.mp4",https://filemoon.to/e/kivinuzsh7mp
"El nucleo (2003) - pelicula completa.mp4",https://filemoon.to/e/w4br9wlfkwi5
"The Dark Knight Rises (2012) Latino 720 @StreamingLatinoo.mp4",https://filemoon.to/e/kenn81q1y5ua
"The Dark knight (2008) Latino 720 @StreamingLatino.mp4",https://filemoon.to/e/qqv8ojobot1f
"El hombre de acero.mp4",https://filemoon.to/e/rz1z9d3382u2
"Mad Max 3 (1985) Latino 1080 @StreamingLatino.mp4",https://filemoon.to/e/4nqqntzu63sf
"Mad Max 2 (1981) Latino 1080 @StreamingLatino.mp4",https://filemoon.to/e/lj10fdp00idy
Tetris.2023.2160p.ATVP.WEB-DL.DDP5.1.Atmos.HDR.DV.HEVC-CM.mkv,https://filemoon.to/e/ae2kneyxxpfs
Monkey.man.2024.2160p.x265.hdr.5.1-dual-lat-cinecalidad.re.mkv,https://filemoon.to/e/103z6g1ig492
Trap.2024.1080p-dual-lat-cinecalidad.re.mp4,https://filemoon.to/e/ol73xices2ux
"2 Bad Boys 2 Vuelven mas Rebeldes (2003).mp4",https://filemoon.to/e/jk6ymmwd1yv8
"Mad Max Fury Road &#40;2015&#41; 2160p SDR UHD BluRay [Hindi DD5.1 640 Kbps - English DD7.1] x265-UHDMovies.mkv",https://filemoon.to/e/xyotrqwk63et
Rocky5.ts,https://filemoon.to/e/m0lgo7zgwjrr
Rocky5.ts,https://filemoon.to/e/5yu1yqpbgwlj
"1 Bad Boys Dos policías rebeldes (1995).mp4",https://filemoon.to/e/7k7m4a2f39l7
D0ct0r_str4ng3_1n_th3_mult1v3rs3_0f_m4dn3ss_2022_hdrip_720p_latino.mp4,https://filemoon.to/e/qvhdf58otytb
D0ct0r.str4ng3.2016.brrip.720p.latino.mp4,https://filemoon.to/e/0m3pgil047p2
"Смотрите видео 'Rocky VI- Rocky Balboa • 20-Dic-2006 - Película Completa en Español Latino' в ОК. Плеер Видео.mp4",https://filemoon.to/e/nfdq52cj0der
"Rocky 2 ( Sylvester Stallone Full HD -- Audio Latino - video Dailymotion.ts",https://filemoon.to/e/6d1dkya5g2jo
Sicario.day.of.the.soldado.2018.1080p-dual-lat-cinecalidad.to.mp4,https://filemoon.to/e/gacm8g92ndlo
roccky4-lat-hd.mp4,https://filemoon.to/e/mlzj58lgdnh1
"Rocky 1.ts",https://filemoon.to/e/ao6hgmiw6dyt
"Rocky III (1982) en español completo - video Dailymotion.ts",https://filemoon.to/e/anb8kqgtcu6h
"The Lord Of The Rings The Fellowship Of The Ring [2001].mp4",https://filemoon.to/e/bws2uwjl9u59
"The Lord Of The Rings The Two Towers [2002].mp4",https://filemoon.to/e/q0nyjysel42k
"The Lord Of The Rings The Return Of The King [2003].mp4",https://filemoon.to/e/ek2l0mk63451
video_2025-01-19_15-41-44.mp4,https://filemoon.to/e/wepc04d32756
Rambo4.mp4,https://filemoon.to/e/8t4p2o62o58p
"Rambo La Última Mision.mp4",https://filemoon.to/e/votshyun7xbh
video_2025-01-19_15-41-47.mp4,https://filemoon.to/e/pq9ttaauqu12
video_2025-01-19_15-41-46.mp4,https://filemoon.to/e/tmbhcs2wbsui
"Interestelar (2014) IMAX BDRip 4K HDR.mkv",https://filemoon.to/e/7f480pvjympp
1x17.mp4,https://filemoon.to/e/xol2fsbbz2pi
1x16.mp4,https://filemoon.to/e/ipmntwj51lcd
1x12.mp4,https://filemoon.to/e/6hb3kg9ovpal
1x13.mp4,https://filemoon.to/e/x1ju36kjv7bk
1x10.mp4,https://filemoon.to/e/rbk1xdfti9rv
1x11.mp4,https://filemoon.to/e/nbl1z0tigk79
1x14.mp4,https://filemoon.to/e/5sjvxl0cpvz7
1x23.mp4,https://filemoon.to/e/2dgl1yxhnomh
1x20.mp4,https://filemoon.to/e/dvujp2vb4415
1x22.mp4,https://filemoon.to/e/stemywu7cfub
1x21.mp4,https://filemoon.to/e/5fycya5whjer
1x15.mp4,https://filemoon.to/e/eavkcilsey8x
1x4.mp4,https://filemoon.to/e/ekgobrflzhpe
1x6.mp4,https://filemoon.to/e/s50zgqmz5l3w
1x18.mp4,https://filemoon.to/e/ob7e45tqltl3
1x19.mp4,https://filemoon.to/e/a2b4hd232pv7
1x12.mp4,https://filemoon.to/e/n9of7rj2vjlm
1x9.mp4,https://filemoon.to/e/aibhn2551rpy
1x7.mp4,https://filemoon.to/e/fukuh4spl5nk
1x8.mp4,https://filemoon.to/e/n3yq40ddto9l
1x3.mp4,https://filemoon.to/e/ktpvr8nmodhb
1x5.mp4,https://filemoon.to/e/ibt6s6yn03jd
1x24.mp4,https://filemoon.to/e/84iwl5zig3mp
"La idea de ti latino.mp4",https://filemoon.to/e/3jrglw9kyayt
"Friends 1x2.mp4",https://filemoon.to/e/ud0wyimnrb0u
"Friends 1x1.mp4",https://filemoon.to/e/o22sdivqnx09
"â–·_Ver_Exterminio_2_&#40;2007&#41;_Online___PELISFORTE_HD.mp4",https://filemoon.to/e/id3xfdfry0sb
"Batman (2022) WEB-DL 4K HDR HBO-MAX.mkv",https://filemoon.to/e/3mval13lpqqi
"Guerra Mundial Z (2013) HD-1080p.mkv",https://filemoon.to/e/grbztgp6w6kc
"tron legacy 2160p (espaÃ±ol latino).mp4",https://filemoon.to/e/urj1a2yed9cd
